[{"id":"user-image-image3.png","publicUrl":"np://user.desktop.nicepage.com/Site_289819110/images/image3.png","size":705773,"fileName":"image3.png","name":"image3","width":960,"height":918,"thumbnail":{"url":"np://user.desktop.nicepage.com/Site_289819110/images/thumbnails/image3.png","width":250,"height":239}},{"id":"user-image-image9.png","publicUrl":"np://user.desktop.nicepage.com/Site_289819110/images/image9.png","size":1687348,"fileName":"image9.png","name":"image9","width":1920,"height":1920,"thumbnail":{"url":"np://user.desktop.nicepage.com/Site_289819110/images/thumbnails/image9.png","width":250,"height":250}},{"id":"user-image-image8.png","publicUrl":"np://user.desktop.nicepage.com/Site_289819110/images/image8.png","size":2844121,"fileName":"image8.png","name":"image8","width":1920,"height":1920,"thumbnail":{"url":"np://user.desktop.nicepage.com/Site_289819110/images/thumbnails/image8.png","width":250,"height":250}},{"id":"user-image-image10.png","publicUrl":"np://user.desktop.nicepage.com/Site_289819110/images/image10.png","size":356551,"fileName":"image10.png","name":"image10","width":510,"height":640,"thumbnail":{"url":"np://user.desktop.nicepage.com/Site_289819110/images/thumbnails/image10.png","width":199,"height":250}},{"id":"user-image-image11.png","publicUrl":"np://user.desktop.nicepage.com/Site_289819110/images/image11.png","size":310286,"fileName":"image11.png","name":"image11","width":600,"height":530,"thumbnail":{"url":"np://user.desktop.nicepage.com/Site_289819110/images/thumbnails/image11.png","width":250,"height":221}},{"id":"user-image-image12.png","publicUrl":"np://user.desktop.nicepage.com/Site_289819110/images/image12.png","size":347690,"fileName":"image12.png","name":"image12","width":600,"height":520,"thumbnail":{"url":"np://user.desktop.nicepage.com/Site_289819110/images/thumbnails/image12.png","width":250,"height":217}},{"id":"user-image-image2.png","publicUrl":"np://user.desktop.nicepage.com/Site_289819110/images/image2.png","size":3024731,"fileName":"image2.png","name":"image2","width":1920,"height":1920,"thumbnail":{"url":"np://user.desktop.nicepage.com/Site_289819110/images/thumbnails/image2.png","width":250,"height":250}},{"id":"user-image-image1.png","publicUrl":"np://user.desktop.nicepage.com/Site_289819110/images/image1.png","size":1057130,"fileName":"image1.png","name":"image1","width":1920,"height":1902,"thumbnail":{"url":"np://user.desktop.nicepage.com/Site_289819110/images/thumbnails/image1.png","width":250,"height":248}},{"id":"user-image-image4.png","publicUrl":"np://user.desktop.nicepage.com/Site_289819110/images/image4.png","size":327354,"fileName":"image4.png","name":"image4","width":526,"height":526,"thumbnail":{"url":"np://user.desktop.nicepage.com/Site_289819110/images/thumbnails/image4.png","width":250,"height":250}},{"id":"user-image-image5.png","publicUrl":"np://user.desktop.nicepage.com/Site_289819110/images/image5.png","size":400304,"fileName":"image5.png","name":"image5","width":526,"height":526,"thumbnail":{"url":"np://user.desktop.nicepage.com/Site_289819110/images/thumbnails/image5.png","width":250,"height":250}},{"id":"user-image-image6.png","publicUrl":"np://user.desktop.nicepage.com/Site_289819110/images/image6.png","size":2712832,"fileName":"image6.png","name":"image6","width":1442,"height":1920,"thumbnail":{"url":"np://user.desktop.nicepage.com/Site_289819110/images/thumbnails/image6.png","width":188,"height":250}},{"id":"user-image-image7.png","publicUrl":"np://user.desktop.nicepage.com/Site_289819110/images/image7.png","size":2940675,"fileName":"image7.png","name":"image7","width":1442,"height":1920,"thumbnail":{"url":"np://user.desktop.nicepage.com/Site_289819110/images/thumbnails/image7.png","width":188,"height":250}},{"id":"user-image-image.png","publicUrl":"np://user.desktop.nicepage.com/Site_289819110/images/image.png","size":144902,"fileName":"image.png","name":"image","width":380,"height":468,"thumbnail":{"url":"np://user.desktop.nicepage.com/Site_289819110/images/thumbnails/image.png","width":203,"height":250}},{"id":"user-image-32e4a01147c3ae2abeedb3b5758f4734ba411126bc5ee88cdbc8a44779511a177c548a7156b72957147f2ebe4abc1c5ade2cedab89d7f446aaaa34_1280.jpg","publicUrl":"np://user.desktop.nicepage.com/Site_289819110/images/32e4a01147c3ae2abeedb3b5758f4734ba411126bc5ee88cdbc8a44779511a177c548a7156b72957147f2ebe4abc1c5ade2cedab89d7f446aaaa34_1280.jpg","size":120848,"fileName":"32e4a01147c3ae2abeedb3b5758f4734ba411126bc5ee88cdbc8a44779511a177c548a7156b72957147f2ebe4abc1c5ade2cedab89d7f446aaaa34_1280.jpg","name":"32e4a01147c3ae2abeedb3b5758f4734ba411126bc5ee88cdbc8a44779511a177c548a7156b72957147f2ebe4abc1c5ade2cedab89d7f446aaaa34_1280","width":1280,"height":853,"thumbnail":{"url":"np://user.desktop.nicepage.com/Site_289819110/images/thumbnails/32e4a01147c3ae2abeedb3b5758f4734ba411126bc5ee88cdbc8a44779511a177c548a7156b72957147f2ebe4abc1c5ade2cedab89d7f446aaaa34_1280.jpg","width":250,"height":167}},{"id":"user-image-image13.png","publicUrl":"np://user.desktop.nicepage.com/Site_289819110/images/image13.png","size":3331,"fileName":"image13.png","name":"image13","width":74,"height":75,"thumbnail":{"url":"np://user.desktop.nicepage.com/Site_289819110/images/thumbnails/image13.png","width":74,"height":75,"length":3331,"type":"png"}},{"id":"user-image-image14.png","publicUrl":"np://user.desktop.nicepage.com/Site_289819110/images/image14.png","size":634792,"fileName":"image14.png","name":"image14","width":1079,"height":311,"thumbnail":{"url":"np://user.desktop.nicepage.com/Site_289819110/images/thumbnails/image14.png","width":250,"height":72}},{"id":"user-image-image17.png","publicUrl":"np://user.desktop.nicepage.com/Site_289819110/images/image17.png","size":795652,"fileName":"image17.png","name":"image17","width":869,"height":523,"thumbnail":{"url":"np://user.desktop.nicepage.com/Site_289819110/images/thumbnails/image17.png","width":250,"height":150}},{"id":"user-image-image19.png","publicUrl":"np://user.desktop.nicepage.com/Site_289819110/images/image19.png","size":959572,"fileName":"image19.png","name":"image19","width":698,"height":692,"thumbnail":{"url":"np://user.desktop.nicepage.com/Site_289819110/images/thumbnails/image19.png","width":250,"height":248}},{"id":"user-image-image20.png","publicUrl":"np://user.desktop.nicepage.com/Site_289819110/images/image20.png","size":3486,"fileName":"image20.png","name":"image20","width":128,"height":128,"thumbnail":{"url":"np://user.desktop.nicepage.com/Site_289819110/images/thumbnails/image20.png","width":128,"height":128,"length":3486,"type":"png"}},{"id":"user-image-image21.png","publicUrl":"np://user.desktop.nicepage.com/Site_289819110/images/image21.png","size":3414,"fileName":"image21.png","name":"image21","width":300,"height":300,"thumbnail":{"url":"np://user.desktop.nicepage.com/Site_289819110/images/thumbnails/image21.png","width":250,"height":250}},{"id":"user-image-image22.png","publicUrl":"np://user.desktop.nicepage.com/Site_289819110/images/image22.png","size":2513,"fileName":"image22.png","name":"image22","width":128,"height":128,"thumbnail":{"url":"np://user.desktop.nicepage.com/Site_289819110/images/thumbnails/image22.png","width":128,"height":128,"length":2513,"type":"png"}}]